"Metabolite","QuantMasses","f16328ba_17.txt","f16328ba_18.txt","f16328ba_19.txt","f16328ba_21.txt","f16328ba_22.txt","f16328ba_23.txt","f16328ba_25.txt","f16328ba_26.txt","f16328ba_27.txt","f16328ba_29.txt","f16328ba_30.txt","f16328ba_31.txt","f16328ba_33.txt","f16328ba_34.txt","f16328ba_35.txt","f16328ba_37.txt","f16328ba_38.txt","f16328ba_39.txt","f16328ba_41.txt","f16328ba_42.txt","f16328ba_43.txt","f16328ba_45.txt","f16328ba_46.txt","f16328ba_47.txt"
"Cinnamic acid, trans- (1TMS)_noIdent","161+205+135+192",1.04e+08,89900000,1.06e+08,1.18e+08,1.14e+08,1.09e+08,1.19e+08,1.09e+08,96200000,1.14e+08,1.14e+08,48100000,1.08e+08,82900000,1.09e+08,1.11e+08,80300000,1.02e+08,20800000,81100000,16500000,1.06e+08,1.07e+08,1.2e+08
"Decane_n-_1000_Alk","88",14687,NA,6287.6,NA,64558,NA,2115.3,64381,54734,76006,NA,70091,NA,NA,44992,11662,NA,12816,34933,176193,20052,NA,39105,8833.9
"Docosane_n-_2200_Alk","71",40100000,40100000,41300000,42800000,41900000,43800000,43200000,4.3e+07,41800000,43800000,45700000,47700000,46400000,47100000,38800000,39900000,38500000,4e+07,40100000,39800000,41700000,41800000,4.5e+07,4.5e+07
"Dodecane_n-_1200_Alk","113",226766,117393,222561,226485,583190,955246,136308,184201,512480,160590,156308,173733,70691,182600,636086,919663,100962,518304,174040,41336,193270,156261,190345,62854
"Dotriacontane_n-_3200_Alk","71",22600000,23400000,22600000,24600000,2.3e+07,24400000,27600000,25500000,2.5e+07,25400000,26100000,27600000,29200000,2.8e+07,22900000,23900000,2.4e+07,2.4e+07,23600000,25400000,26600000,26200000,27300000,28700000
"Heptadecane_n-_1700_Alk","71",4.7e+07,42100000,42100000,44500000,41800000,43900000,43800000,43600000,41700000,45200000,46600000,47900000,49600000,48700000,39500000,42400000,40400000,41300000,42300000,42600000,44100000,45400000,47400000,46900000
"Hexatriacontane_n-_3600_Alk","71",36500000,36500000,37200000,34900000,37700000,40600000,41600000,37100000,37500000,4.2e+07,38800000,46200000,48700000,47400000,38900000,4e+07,4e+07,39700000,39500000,42300000,44700000,42900000,45500000,49500000
"Octacosane_n-_2800_Alk","71",31100000,32500000,30700000,32400000,30800000,33200000,35700000,34800000,33900000,34600000,35700000,36600000,39900000,37700000,31400000,32900000,32800000,32900000,7652173,34200000,35700000,35600000,3.7e+07,38800000
"Pentadecane_n-_1500_Alk","71",38300000,33800000,33500000,36600000,3.4e+07,34600000,36600000,35500000,34100000,37600000,37500000,39400000,40900000,39700000,3.3e+07,35800000,33600000,3.4e+07,36100000,35200000,36500000,38300000,38800000,39600000
